Employee_ID,First_Name,Last_Name,Department,Salary,Join_Date,Age,City
1101,Max,Moore,Finance,64904,2015-01-31,49,Dallas
1102,Max,Doe,Operations,62488,2013-01-10,40,Los Angeles
1103,Lucas,Black,Finance,107951,2017-05-26,52,New York
1104,Charlie,Davis,Marketing,84243,2023-02-18,34,San Diego
1105,Lucas,Black,Marketing,102331,2018-12-05,36,Phoenix
1106,Sophia,Wilson,Finance,56357,2017-11-17,39,Chicago
1107,John,Taylor,Operations,116277,2021-10-18,34,Phoenix
1108,Bob,Smith,IT,61342,2023-12-09,45,Chicago
1109,Bob,Miller,Marketing,92276,2014-02-09,50,Phoenix
1110,John,Black,Operations,115754,2011-02-22,29,Dallas
1111,John,Davis,HR,127460,2020-11-06,63,Chicago
1112,Eve,Brown,Marketing,95763,2014-06-29,57,Dallas
1113,Charlie,Smith,HR,49017,2017-04-22,23,Phoenix
1114,Max,Taylor,Operations,49346,2011-07-31,42,Houston
1115,Alice,Moore,IT,74831,2016-01-03,38,San Diego
1116,John,Brown,Sales,98636,2013-03-21,61,Dallas
1117,John,Taylor,IT,84975,2014-11-08,38,Chicago
1118,Charlie,Davis,Sales,49295,2020-02-21,37,Chicago
1119,Lucas,Moore,HR,72025,2016-04-06,22,Chicago
1120,Lucas,Moore,Finance,51278,2015-02-20,39,San Diego
1121,Alice,Smith,Finance,70138,2019-10-15,55,Chicago
1122,Mia,Black,HR,62418,2022-09-15,42,Chicago
1123,Charlie,Davis,IT,77119,2018-05-03,52,San Diego
1124,Bob,Miller,Finance,43945,2018-06-10,24,New York
1125,Charlie,Brown,HR,125763,2011-01-19,24,Phoenix
1126,Bob,Johnson,Sales,44120,2012-01-04,47,Dallas
1127,Mia,Smith,IT,123931,2017-11-26,38,Dallas
1128,Bob,Black,IT,101309,2017-04-27,25,San Diego
1129,Bob,Wilson,Finance,125076,2016-07-10,54,Phoenix
1130,Alice,Wilson,Sales,57680,2014-10-24,36,Phoenix
1131,Eve,Brown,Sales,83359,2011-11-20,38,Dallas
1132,Alice,Taylor,Marketing,113471,2012-06-30,22,Chicago
1133,Mia,Brown,HR,71199,2019-01-16,55,San Diego
1134,Max,Moore,IT,70152,2018-09-10,35,Dallas
1135,Charlie,Wilson,Marketing,63612,2017-12-31,57,New York
1136,Lucas,Taylor,IT,106770,2019-10-17,49,Chicago
1137,Alice,Doe,HR,120043,2014-08-01,55,San Diego
1138,John,Brown,Finance,73563,2011-05-24,39,Houston
1139,Max,Davis,Sales,79683,2014-12-11,27,New York
1140,Bob,Moore,Operations,91333,2017-03-17,54,San Diego
1141,Max,Moore,IT,105631,2012-03-08,51,New York
1142,Jane,Miller,Finance,92971,2016-08-19,57,San Diego
1143,Bob,Johnson,Marketing,66399,2019-10-06,56,San Diego
1144,Sophia,Brown,IT,103956,2015-01-15,25,Houston
1145,John,Davis,HR,52596,2015-01-10,26,Phoenix
1146,Alice,Wilson,IT,66199,2018-08-10,32,New York
1147,Bob,Wilson,HR,87465,2023-08-24,46,New York
1148,Bob,Doe,Operations,77131,2015-03-19,48,San Diego
1149,Lucas,Davis,HR,77127,2012-11-17,49,New York
1150,Charlie,Wilson,Finance,108661,2012-03-19,34,Phoenix
1151,John,Moore,Finance,86675,2022-04-21,25,Chicago
1152,Jane,Moore,HR,115735,2022-02-13,22,Phoenix
1153,Charlie,Davis,Sales,101009,2014-02-28,54,Los Angeles
1154,Charlie,Taylor,IT,61011,2011-01-19,36,Phoenix
1155,Mia,Miller,IT,57248,2019-03-01,55,San Diego
1156,Charlie,Taylor,Marketing,116305,2011-08-05,58,New York
1157,Alice,Black,HR,55040,2017-05-05,35,San Diego
1158,Eve,Johnson,Sales,50641,2021-11-25,59,San Diego
1159,John,Wilson,Operations,50148,2015-04-24,58,Dallas
1160,Eve,Davis,Operations,57190,2012-08-03,32,Chicago
1161,Mia,Doe,IT,113396,2020-01-18,26,Phoenix
1162,Bob,Black,Sales,86308,2023-06-09,57,Phoenix
1163,Charlie,Brown,HR,108651,2023-03-19,25,Phoenix
1164,Mia,Doe,Marketing,103263,2018-05-18,38,Los Angeles
1165,Jane,Smith,Operations,79019,2022-02-12,48,Los Angeles
1166,Bob,Smith,IT,90856,2015-01-24,52,New York
1167,Jane,Taylor,HR,54230,2013-06-20,40,Dallas
1168,Max,Brown,Operations,63464,2021-11-01,60,San Diego
1169,Lucas,Davis,HR,111151,2015-10-23,47,New York
1170,Mia,Black,Finance,64043,2013-11-29,43,San Diego
1171,John,Moore,Marketing,90309,2012-09-13,57,New York
1172,Eve,Smith,IT,81996,2017-07-12,50,Dallas
1173,Jane,Brown,Sales,69141,2021-04-26,28,Phoenix
1174,Jane,Moore,Operations,113599,2020-06-30,55,Los Angeles
1175,Alice,Davis,Sales,42730,2023-03-07,41,Los Angeles
1176,Alice,Brown,IT,77431,2015-08-22,22,Los Angeles
1177,Sophia,Moore,HR,72327,2011-06-29,40,New York
1178,Lucas,Taylor,IT,84371,2011-03-21,59,San Diego
1179,Jane,Miller,Finance,54028,2013-02-24,24,Houston
1180,Eve,Doe,Operations,77281,2021-01-09,23,Houston
1181,Max,Doe,Sales,94853,2020-08-27,59,Chicago
1182,Eve,Brown,Finance,65251,2022-07-07,29,Houston
1183,Sophia,Taylor,Finance,99938,2016-02-25,62,Los Angeles
1184,Eve,Taylor,IT,65236,2013-12-24,52,Phoenix
1185,Lucas,Taylor,Finance,104523,2019-01-14,22,Los Angeles
1186,Bob,Taylor,HR,82091,2013-09-20,50,New York
1187,Lucas,Davis,IT,102870,2015-07-12,31,Dallas
1188,Jane,Brown,HR,123948,2019-11-10,55,Chicago
1189,Jane,Moore,Marketing,77310,2015-06-24,39,Phoenix
1190,Charlie,Taylor,Marketing,51947,2022-03-29,47,Los Angeles
1191,Jane,Black,Marketing,78921,2022-12-03,28,San Diego
1192,Bob,Brown,HR,64454,2023-12-01,39,Dallas
1193,Eve,Brown,Operations,40991,2015-05-06,22,Los Angeles
1194,Charlie,Brown,HR,69855,2020-04-11,33,Houston
1195,Mia,Smith,Marketing,60558,2015-07-25,49,Los Angeles
1196,Alice,Johnson,Operations,46134,2011-08-22,22,San Diego
1197,Max,Wilson,HR,74613,2016-12-31,47,Dallas
1198,Mia,Davis,Operations,75328,2013-06-06,39,Los Angeles
1199,Charlie,Brown,Sales,45505,2020-05-04,64,Chicago
1200,Lucas,Smith,Finance,75388,2014-03-17,59,Chicago
1201,Jane,Brown,HR,85841,2023-07-18,50,Dallas
1202,Sophia,Black,HR,116142,2012-06-19,39,Chicago
1203,Alice,Miller,Operations,41287,2013-02-03,28,Los Angeles
1204,Bob,Brown,Marketing,116620,2023-05-09,57,Los Angeles
1205,Sophia,Moore,IT,118602,2013-05-01,49,Houston
1206,Jane,Brown,Finance,124298,2019-02-17,46,Houston
1207,Charlie,Johnson,Operations,63708,2021-05-11,23,Phoenix
1208,Eve,Davis,Operations,52175,2011-08-31,31,Dallas
1209,Max,Wilson,Sales,45506,2016-04-01,49,Los Angeles
1210,Charlie,Davis,Finance,99402,2021-01-19,26,Los Angeles
1211,Lucas,Black,Marketing,105172,2016-11-06,55,Chicago
1212,Lucas,Brown,Marketing,88646,2013-10-21,38,New York
1213,Bob,Brown,HR,77661,2020-08-15,44,Chicago
1214,Alice,Black,IT,73801,2013-05-27,48,Los Angeles
1215,Lucas,Davis,Finance,59965,2016-01-01,55,Chicago
1216,Max,Brown,Sales,95681,2021-09-27,39,Houston
1217,Eve,Moore,Finance,97678,2014-12-08,32,Dallas
1218,Lucas,Brown,Finance,111428,2012-05-13,34,New York
1219,Lucas,Black,Operations,93081,2017-03-25,34,Los Angeles
1220,Charlie,Wilson,Marketing,89765,2012-04-19,59,San Diego
1221,Charlie,Black,IT,124079,2015-10-18,30,Chicago
1222,Eve,Moore,Operations,85902,2016-12-18,48,Los Angeles
1223,Mia,Moore,Marketing,120416,2023-12-25,44,Phoenix
1224,Sophia,Doe,Operations,91157,2020-11-12,58,Houston
1225,Sophia,Black,Sales,86302,2023-11-14,48,Houston
1226,Alice,Brown,Operations,79873,2023-09-30,41,New York
1227,Bob,Doe,Operations,121548,2018-07-09,47,New York
1228,Eve,Miller,HR,43796,2018-08-20,62,Phoenix
1229,Lucas,Moore,Operations,88164,2013-08-07,53,Los Angeles
1230,John,Taylor,Finance,122437,2020-11-28,27,New York
1231,Alice,Smith,HR,40318,2011-01-21,63,Dallas
1232,Max,Davis,Finance,127512,2020-05-20,38,San Diego
1233,Sophia,Johnson,Sales,91376,2021-09-26,54,Houston
1234,Eve,Doe,Sales,118545,2021-07-05,62,New York
1235,Eve,Brown,IT,83015,2016-07-06,54,Los Angeles
1236,Mia,Black,Operations,109689,2011-12-28,32,San Diego
1237,Charlie,Johnson,Marketing,64207,2013-10-31,55,San Diego
1238,Alice,Wilson,Finance,96572,2020-05-25,35,Chicago
1239,Mia,Wilson,Finance,90383,2021-10-10,41,Dallas
1240,John,Davis,Sales,53269,2015-10-20,54,New York
1241,Max,Brown,IT,98902,2017-09-16,41,Phoenix
1242,Sophia,Wilson,Marketing,102266,2011-05-13,54,Chicago
1243,Max,Brown,IT,91497,2022-04-07,48,Los Angeles
1244,Lucas,Doe,IT,58936,2014-02-07,40,Chicago
1245,Charlie,Taylor,Finance,91483,2016-06-05,31,New York
1246,John,Johnson,Marketing,124765,2016-03-27,45,Chicago
1247,Alice,Black,Finance,65712,2011-07-07,54,Phoenix
1248,Jane,Wilson,IT,63699,2020-02-17,63,Los Angeles
1249,Bob,Black,HR,103045,2013-10-27,58,Dallas
1250,Eve,Smith,Sales,128673,2012-02-11,36,New York
